parent	prev_pos	new_pos	gap_bp	prev_state	new_state	posterior
paternal	10662618	10678093	15475	0	1	0.999925
paternal	10686903	10688031	1128	1	0	0.995871
paternal	10850458	10850905	447	0	1	0.997209
paternal	11131505	11274201	142696	1	0	0.999977
paternal	11336505	11336592	87	0	1	0.979645
paternal	11363272	11364387	1115	1	0	0.996946
paternal	11615681	11618309	2628	0	1	0.999542
paternal	11826373	11830133	3760	1	0	0.996854
paternal	11852812	11892543	39731	1	0	0.999612
paternal	11950596	11954381	3785	1	0	0.999998
paternal	11973753	12028383	54630	0	1	0.999996
paternal	12166744	12167356	612	0	1	0.999218
paternal	12329264	12332345	3081	1	0	0.999985
paternal	12374633	12376204	1571	1	0	0.999306
paternal	12387369	12390378	3009	0	1	0.999894
paternal	12400895	12402715	1820	1	0	0.998356
paternal	12499445	12502017	2572	1	0	0.996537
paternal	12512628	12513335	707	0	1	0.999930
paternal	12516364	12517082	718	1	0	0.999475
paternal	12522181	12522611	430	0	1	0.999981
paternal	12523022	12523414	392	1	0	0.998812
paternal	12547628	12549849	2221	0	1	0.999863
paternal	12591451	12600005	8554	1	0	0.999548
paternal	12797360	12799881	2521	0	1	0.997822
paternal	15599768	15604909	5141	1	0	0.999111
paternal	15691320	15696394	5074	0	1	0.999850
paternal	15721705	15721726	21	1	0	0.987550
paternal	15817545	15818099	554	1	0	0.996042
paternal	15908250	15911039	2789	1	0	0.996523
paternal	20348015	20356104	8089	0	1	0.999998
paternal	20359527	20364235	4708	1	0	0.999915
paternal	21156182	21160797	4615	0	1	0.999991
paternal	21227244	21248413	21169	0	1	0.999417
paternal	21264700	21274794	10094	1	0	0.999876
paternal	22200764	22203630	2866	0	1	0.999836
paternal	22384099	22402857	18758	1	0	0.999982
paternal	22645794	22654928	9134	0	1	0.999928
paternal	22698282	22698615	333	1	0	0.992359
paternal	22703861	22703934	73	0	1	0.997349
paternal	22713596	22713783	187	1	0	0.999974
paternal	22714411	22714926	515	0	1	0.999980
paternal	22719913	22721573	1660	1	0	0.999401
paternal	22764334	22764747	413	0	1	0.970061
paternal	22768201	22769142	941	1	0	0.998376
paternal	22788823	22789493	670	0	1	0.989257
paternal	22888654	22889024	370	1	0	0.999193
paternal	23783924	23818139	34215	0	1	0.999063
paternal	31529997	31534827	4830	1	0	0.999795
paternal	31637158	31657213	20055	1	0	0.998837
paternal	33660559	33663501	2942	0	1	0.999927
paternal	33728990	33732924	3934	1	0	0.999504
paternal	34584142	34592231	8089	0	1	0.999918
paternal	39397153	39449326	52173	1	0	0.999823
paternal	40539465	40539476	11	0	1	0.999711
paternal	40539499	40540284	785	1	0	0.991472
paternal	45499282	45508139	8857	0	1	0.998867
paternal	48462411	48468581	6170	1	0	0.999954
paternal	48490604	48494546	3942	0	1	0.998101
paternal	49656361	49673009	16648	1	0	0.960635
paternal	49673024	49702996	29972	0	1	0.999303
maternal	10634226	10684685	50459	1	0	0.999994
maternal	10924715	10926206	1491	1	0	0.998501
maternal	10949940	10952050	2110	0	1	0.993274
maternal	11281732	11285464	3732	1	0	0.999878
maternal	11366878	11376288	9410	0	1	0.990849
maternal	11553667	11560377	6710	1	0	0.995392
maternal	11695799	11717512	21713	0	1	0.999972
maternal	11823332	11833828	10496	1	0	0.999705
maternal	11917180	11918654	1474	0	1	0.999987
maternal	11941218	11942298	1080	0	1	0.999555
maternal	11945921	11946233	312	1	0	0.999982
maternal	12052899	12053211	312	1	0	0.991216
maternal	12181884	12185538	3654	0	1	0.999872
maternal	12206707	12207018	311	1	0	0.995105
maternal	12340928	12342025	1097	1	0	0.997025
maternal	12359523	12364335	4812	0	1	0.999905
maternal	12437811	12491013	53202	0	1	0.999967
maternal	12519808	12520865	1057	1	0	0.999789
maternal	12569996	12579799	9803	0	1	0.999937
maternal	12627164	12631309	4145	1	0	0.999780
maternal	12701728	12702209	481	0	1	0.996733
maternal	12721182	12722957	1775	1	0	0.964033
maternal	12805385	12805530	145	1	0	0.960834
maternal	12817450	12874125	56675	0	1	0.999928
maternal	15163059	15164033	974	1	0	0.990596
maternal	15550120	15555025	4905	0	1	0.999998
maternal	15581115	15590073	8958	1	0	0.998916
maternal	15599098	15601652	2554	0	1	0.995698
maternal	15655093	15675826	20733	1	0	0.999988
maternal	15764435	15773359	8924	0	1	1.000000
maternal	15794380	15795706	1326	1	0	0.996730
maternal	15814097	15814272	175	0	1	0.999943
maternal	15839439	15843657	4218	0	1	0.998498
maternal	15864015	15864963	948	1	0	0.992460
maternal	15881373	15907438	26065	0	1	0.999947
maternal	16322087	16388099	66012	1	0	0.999497
maternal	17871187	17877153	5966	0	1	0.999999
maternal	18370631	18387018	16387	1	0	0.999999
maternal	18873129	18877080	3951	0	1	0.999975
maternal	18892228	18901001	8773	1	0	0.999989
maternal	19925101	19964374	39273	0	1	0.999994
maternal	21161394	21164339	2945	1	0	0.999929
maternal	21406861	21414175	7314	0	1	0.997523
maternal	22148871	22166057	17186	1	0	0.999524
maternal	22224222	22224904	682	0	1	0.999233
maternal	22242651	22242719	68	1	0	0.999364
maternal	22262201	22262339	138	0	1	0.996384
maternal	22301671	22305437	3766	0	1	0.995797
maternal	22306816	22307261	445	1	0	0.999627
maternal	22354061	22354451	390	0	1	0.999348
maternal	22356300	22356410	110	1	0	0.995197
maternal	22365359	22366560	1201	0	1	0.999955
maternal	22369973	22372241	2268	1	0	0.999950
maternal	22404503	22405810	1307	0	1	0.999797
maternal	22579664	22580286	622	1	0	0.999923
maternal	22589389	22589681	292	0	1	0.999646
maternal	22646811	22647050	239	1	0	0.999569
maternal	22679394	22679663	269	0	1	0.998698
maternal	22687234	22689069	1835	1	0	0.999346
maternal	22710483	22712955	2472	0	1	0.951113
maternal	22753004	22754198	1194	0	1	0.999710
maternal	22792228	22793730	1502	1	0	0.998842
maternal	22876086	22879227	3141	0	1	0.999365
maternal	22905851	22907184	1333	1	0	0.999972
maternal	23809984	23810928	944	0	1	0.996834
maternal	24042828	24045997	3169	1	0	0.999680
maternal	27512275	27513145	870	1	0	0.996974
maternal	27580242	27583189	2947	0	1	0.999892
maternal	30717100	30717677	577	0	1	0.996916
maternal	31591361	31591541	180	1	0	0.999865
maternal	32955880	32981572	25692	1	0	0.999951
maternal	33078477	33086126	7649	0	1	0.999974
maternal	35552508	35559256	6748	1	0	0.998998
maternal	40336447	40395010	58563	0	1	0.999597
maternal	40934447	40935783	1336	1	0	0.999985
maternal	44916921	44924115	7194	0	1	0.976064
maternal	44936887	44978369	41482	1	0	0.999810
maternal	45434169	45441911	7742	0	1	0.999822
maternal	45575278	45575411	133	1	0	0.974785
maternal	45860915	45910299	49384	0	1	0.999344
maternal	48341804	48341827	23	0	1	0.982570
